source_db,source_table,source_file,source_row_id,sequence,length,sequence_valid,canonical_aa_only,ic50_uM,ic50_uM_min,ic50_uM_max,ic50_uM_median,ic50_relation_raw,ic50_status_raw,label_type,label_is_exact,is_sequence_level,source_count,record_count,high_confidence_flag,conflict_flag,tier_23,raw_record_ids,citation_ids,notes,exclusion_reason,filtered_source_name
,,,150,AYFYPE,6,True,True,260.82,260.82,260.82,260.82,=,exact_molar,sequence_level_core,True,True,1,1,,,,mbpdb_ace_000297 || MBPDB_P02662_AYFYPE_158-163,"1) 10.1016/j.idairyj.2013.05.008, 2) 10.3168/jds.S0022-0302(94)77026-0, 3) 10.3390/foods9080991","1) Resistance of casein-derived bioactive peptides to simulated gastrointestinal digestion, 2) Antihypertensive Effect of the Peptides Derived from Casein by an Extracellular Proteinase from Lactobacillus helveticus CP790, 3) In Silico and In Vitro Analysis of Multifunctionality of Animal Food-Derived Peptides || Bos taurus || Alpha-S1-casein",out_of_length_range,mbpdb_core_standardized
,,,151,CMENSA,6,True,True,788.0,788.0,788.0,788.0,=,exact_molar,sequence_level_core,True,True,1,1,,,,mbpdb_ace_000098 || MBPDB_P02754_CMENSA_122-127,10.1017/s0022029999003982,Angiotensin I-converting enzyme inhibitory properties of whey protein digests: concentration and characterization of active peptides || Bos taurus || Beta-lactoglobulin,out_of_length_range,mbpdb_core_standardized
,,,152,DKIHPF,6,True,True,256.8,256.8,256.8,256.8,=,exact_molar,sequence_level_core,True,True,1,1,,,,mbpdb_ace_000238 || MBPDB_P02666_DKIHPF_62-67,10.1128/AEM.66.9.3898-3904.2000,Production of Angiotensin-I-Converting-Enzyme-Inhibitory Peptides in Fermented Milks Started by Lactobacillus delbrueckii subsp bulgaricus SS1 and Lactococcus lactis subsp cremoris FT4 || Bos taurus || Beta-casein,out_of_length_range,mbpdb_core_standardized
,,,153,EKDERF,6,True,True,14.3,14.3,14.3,14.3,=,exact_molar,sequence_level_core,True,True,1,1,,,,mbpdb_ace_000058 || MBPDB_P02669_EKDERF_33-38,10.1002/elps.200700324,Identification of novel angiotensin-converting enzyme-inhibitory peptides from ovine milk proteins by CE-MS and chromatographic techniques || Ovis aries || Kappa-casein,out_of_length_range,mbpdb_core_standardized
,,,154,EMPFPK,6,True,True,565.58,565.58,565.58,565.58,=,exact_molar,sequence_level_core,True,True,1,1,,,,mbpdb_ace_000102 || MBPDB_P02666_EMPFPK_123-128,10.1016/S0958-6946(98)00048-X,Angiotensin I Converting Enzyme Inhibitory Peptides Derived from Bovine Milk Proteins || Bos taurus || Beta-casein,out_of_length_range,mbpdb_core_standardized
,,,155,ENLLRF,6,True,True,82.4,82.4,82.4,82.4,=,exact_molar,sequence_level_core,True,True,1,1,,,,mbpdb_ace_000325 || MBPDB_P18626_ENLLRF_33-38,10.3168/jds.S0022-0302(05)73032-0,Angiotensin-Converting Enzyme Inhibitory Activity of Peptides Derived from Caprine Kefir || Capra hircus || Alpha-S1-casein,out_of_length_range,mbpdb_core_standardized
,,,156,FALPQY,6,True,True,4.3,4.3,4.3,4.3,=,exact_molar,sequence_level_core,True,True,1,1,,,,mbpdb_ace_000282 || MBPDB_P02663_FALPQY_189-194,10.1016/s0014-5793(02)03576-7,Angiotensin-I-converting enzyme inhibitory peptides from tryptic hydrolysate of bovine αS2-casein || Bos taurus || Alpha-S2-casein,out_of_length_range,mbpdb_core_standardized
,,,157,FKCRRW,6,True,True,26.7,26.7,26.7,26.7,=,exact_molar,sequence_level_core,True,True,1,1,,,,mbpdb_ace_000026 || MBPDB_P24627_FKCRRW_36-41,10.1021/jf100899u,Antihypertensive Properties of Lactoferricin β-Derived Peptides || Bos taurus || Lactotransferrin,out_of_length_range,mbpdb_core_standardized
,,,158,GLDIQK,6,True,True,580.0,580.0,580.0,580.0,=,exact_molar,sequence_level_core,True,True,1,1,,,,mbpdb_ace_000069 || MBPDB_P02754_GLDIQK_25-30,10.1016/S0958-6946(98)00048-X,Angiotensin I Converting Enzyme Inhibitory Peptides Derived from Bovine Milk Proteins || Bos taurus || Beta-lactoglobulin,out_of_length_range,mbpdb_core_standardized
,,,159,HQIYPV,6,True,True,414.0,414.0,414.0,414.0,=,exact_molar,sequence_level_core,True,True,1,1,,,,mbpdb_ace_000116 || MBPDB_P05814_HQIYPV_208-213,10.1016/j.idairyj.2005.12.012,Identification of bioactive peptides after digestion of human milk and infant formula with pepsin and pancreatin || Homo sapiens || Beta-casein,out_of_length_range,mbpdb_core_standardized
,,,160,IPAVFK,6,True,True,144.8,144.8,144.8,144.8,=,exact_molar,sequence_level_core,True,True,1,1,,,,mbpdb_ace_000065 || MBPDB_P02754_IPAVFK_94-99,10.1016/j.jff.2014.04.002,Selective enrichment of bioactive properties during ultrafiltration of a tryptic digest of β-lactoglobulin || Bos taurus || Beta-lactoglobulin,out_of_length_range,mbpdb_core_standardized
,,,161,KFAWPQ,6,True,True,177.1,177.1,177.1,177.1,=,exact_molar,sequence_level_core,True,True,1,1,,,,mbpdb_ace_000276 || MBPDB_P33049_KFAWPQ_189-194,10.3168/jds.S0022-0302(05)73032-0,Angiotensin-Converting Enzyme Inhibitory Activity of Peptides Derived from Caprine Kefir || Capra hircus || Alpha-S2-casein,out_of_length_range,mbpdb_core_standardized
,,,162,KVLILA,6,True,True,20.85,20.85,20.85,20.85,=,exact_molar,sequence_level_core,True,True,1,1,,,,mbpdb_ace_000211 || MBPDB_P02666_KVLILA_7-Feb,10.1016/S1671-2927(11)60026-6,A Novel Angiotensin I Converting Enzyme Inhibitory Peptide from the Milk Casein: Virtual Screening and Docking Studies || Bos taurus || Beta-casein,out_of_length_range,mbpdb_core_standardized
,,,163,LAHKAL,6,True,True,621.0,621.0,621.0,621.0,=,exact_molar,sequence_level_core,True,True,1,1,,,,mbpdb_ace_000252 || MBPDB_P00711_LAHKAL_124-129,10.1016/S0958-6946(98)00048-X,Angiotensin I Converting Enzyme Inhibitory Peptides Derived from Bovine Milk Proteins || Bos taurus || Alpha-lactalbumin,out_of_length_range,mbpdb_core_standardized
,,,164,LAYFYP,6,True,True,65.0,65.0,65.0,65.0,=,exact_molar,sequence_level_core,True,True,1,1,,,,mbpdb_ace_000313 || MBPDB_P02662_LAYFYP_157-162,10.1016/S0958-6946(98)00048-X,Angiotensin I Converting Enzyme Inhibitory Peptides Derived from Bovine Milk Proteins || Bos taurus || Alpha-S1-casein,out_of_length_range,mbpdb_core_standardized
,,,165,LHLPLP,6,True,True,3.7,3.7,3.7,3.7,=,exact_molar,sequence_level_core,True,True,1,1,,,,mbpdb_ace_000203 || MBPDB_P05814_LHLPLP_139-144,"1) 10.1080/00021369.1989.10869621, 2) 10.1016/j.foodchem.2014.09.098, 3) 10.1016/j.idairyj.2005.12.011, 4) 10.1016/j.peptides.2009.06.031, 5) 10.3168/jds.S0022-0302(06)72372-4","1) Inhibition of Angiotensin-converting Enzyme by Synthetic Peptides of Human β-Casein, 2) Antihypertensive effect of the bovine casein-derived peptide Met-Lys-Pro, 3) Identification of novel antihypertensive peptides in milk fermented with Enterococcus faecalis, 4) Stability to gastrointestinal enzymes and structure-activity relationship of β-casein-peptides with antihypertensive properties, 5) Antihypertensive Effect of Peptides Obtained from Enterococcus faecalis-Fermented Milk in Rats || Homo sapiens || Beta-casein",out_of_length_range,mbpdb_core_standardized
,,,166,LRPVAA,6,True,True,4.14,4.14,4.14,4.14,=,exact_molar,sequence_level_core,True,True,1,1,,,,mbpdb_ace_000017 || MBPDB_P24627_LRPVAA_93-98,PMID: 16830788,The Antihypertensive Activity of Angiotensin-Converting Enzyme Inhibitory Peptide Containing in Bovine Lactoferrin || Bos taurus || Lactotransferrin,out_of_length_range,mbpdb_core_standardized
,,,167,LVYPFP,6,True,True,132.0,132.0,132.0,132.0,=,exact_molar,sequence_level_core,True,True,1,1,,,,mbpdb_ace_000191 || MBPDB_P02666_LVYPFP_73-78,10.1016/j.ijfoodmicro.2013.09.002,Novel probiotic-fermented milk with angiotensin I-converting enzyme inhibitory peptides produced by Bifidobacterium bifidum MF 20/5 || Bos taurus || Beta-casein,out_of_length_range,mbpdb_core_standardized
,,,168,PAVVLP,6,True,True,45.0,45.0,45.0,45.0,=,exact_molar,sequence_level_core,True,True,1,1,,,,mbpdb_ace_000174 || MBPDB_P05814_PAVVLP_87-92,10.1080/00021369.1989.10869621,Inhibition of Angiotensin-converting Enzyme by Synthetic Peptides of Human β-Casein || Homo sapiens || Beta-casein,out_of_length_range,mbpdb_core_standardized
,,,169,PLAQPA,6,True,True,940.0,940.0,940.0,940.0,=,exact_molar,sequence_level_core,True,True,1,1,,,,mbpdb_ace_000171 || MBPDB_P05814_PLAQPA_83-88,10.1016/j.idairyj.2005.12.012,Identification of bioactive peptides after digestion of human milk and infant formula with pepsin and pancreatin || Homo sapiens || Beta-casein,out_of_length_range,mbpdb_core_standardized
,,,170,PQNILP,6,True,True,440.0,440.0,440.0,440.0,=,exact_molar,sequence_level_core,True,True,1,1,,,,mbpdb_ace_000166 || MBPDB_P05814_PQNILP_78-83,10.1080/00021369.1989.10869621,Inhibition of Angiotensin-converting Enzyme by Synthetic Peptides of Human β-Casein || Homo sapiens || Beta-casein,out_of_length_range,mbpdb_core_standardized
,,,171,PYKLRP,6,True,True,10.2,10.2,10.2,10.2,=,exact_molar,sequence_level_core,True,True,1,1,,,,mbpdb_ace_000015 || MBPDB_P24627_PYKLRP_90-95,10.1021/jf4053868,Novel Antihypertensive Lactoferrin-Derived Peptides Produced by Kluyveromyces marxianus: Gastrointestinal Stability Profile and In Vivo Angiotensin I-Converting Enzyme (ACE) Inhibition || Bos taurus || Lactotransferrin,out_of_length_range,mbpdb_core_standardized
,,,172,PYVRYL,6,True,True,4.7,4.7,4.7,4.7,=,exact_molar,sequence_level_core,True,True,1,1,,,,mbpdb_ace_000263 || MBPDB_P02663_PYVRYL_217-222,"1) 10.3168/jds.S0022-0302(05)73032-0, 2) 10.3390/foods13213392","1) Angiotensin-Converting Enzyme Inhibitory Activity of Peptides Derived from Caprine Kefir, 2) Goat Milk Protein-Derived ACE Inhibitory Peptide SLPQ Exerts Hypertension Alleviation Effects Partially by Regulating the Inflammatory Stress of Endothelial Cells || Bos taurus || Alpha-S2-casein",out_of_length_range,mbpdb_core_standardized
,,,173,QPLIYP,6,True,True,3.6,3.6,3.6,3.6,=,exact_molar,sequence_level_core,True,True,1,1,,,,mbpdb_ace_000157 || MBPDB_P05814_QPLIYP_62-67,10.1080/00021369.1989.10869621,Inhibition of Angiotensin-converting Enzyme by Synthetic Peptides of Human β-Casein || Homo sapiens || Beta-casein,out_of_length_range,mbpdb_core_standardized
,,,174,QSLVYP,6,True,True,41.0,41.0,41.0,41.0,=,exact_molar,sequence_level_core,True,True,1,1,,,,mbpdb_ace_000155 || MBPDB_P02666_QSLVYP_71-76,10.1271/bbb1961.54.1101,Inhibition of angiotensin-converting enzyme by synthetic peptide fragments of various β-caseins || Bos taurus || Beta-casein,out_of_length_range,mbpdb_core_standardized
,,,175,RPKHPI,6,True,True,40.3,40.3,40.3,40.3,=,exact_molar,sequence_level_core,True,True,1,1,,,,mbpdb_ace_000307 || MBPDB_P04653_RPKHPI_16-21,10.1128/AEM.69.9.5297-5305.2003,Angiotensin I-Converting-Enzyme-Inhibitory and Antibacterial Peptides from Lactobacillus helveticusPR4 Proteinase-Hydrolyzed Caseins of Milk from Six Species || Ovis aries || Alpha-S1-casein,out_of_length_range,mbpdb_core_standardized
,,,176,RRWQWR,6,True,True,32.0,32.0,32.0,32.0,=,exact_molar,sequence_level_core,True,True,1,1,,,,mbpdb_ace_000013 || MBPDB_P24627_RRWQWR_39-44,10.1021/jf100899u,Antihypertensive Properties of Lactoferricin B-Derived Peptides || Bos taurus || Lactotransferrin,out_of_length_range,mbpdb_core_standardized
,,,177,RYPSYG,6,True,True,65.71,65.71,65.71,65.71,=,exact_molar,sequence_level_core,True,True,1,1,,,,mbpdb_ace_000048 || MBPDB_P02668_RYPSYG_55-60,10.1016/j.foodchem.2010.05.026,"Production, analysis and in vivo evaluation of novel angiotensin-I-converting enzyme inhibitory peptides from bovine casein || Bos taurus || Kappa-casein",out_of_length_range,mbpdb_core_standardized
,,,178,TGPIPN,6,True,True,316.0,316.0,316.0,316.0,=,exact_molar,sequence_level_core,True,True,1,1,,,,mbpdb_ace_000143 || MBPDB_P33048_TGPIPN_78-83,10.3168/jds.S0022-0302(06)72369-4,Identification and Characterization of Novel Angiotensin-Converting Enzyme Inhibitors Obtained from Goat Milk || Capra hircus || Beta-casein,out_of_length_range,mbpdb_core_standardized
,,,179,TTMPLW,6,True,True,16.0,16.0,16.0,16.0,=,exact_molar,sequence_level_core,True,True,1,1,,,,mbpdb_ace_000298 || MBPDB_P02662_TTMPLW_209-214,"1) 10.1016/S0958-6946(98)00048-X, 2) 10.1016/s0014-5793(02)03576-7, 3) 10.1080/00021369.1987.10868415","1) Angiotensin I Converting Enzyme Inhibitory Peptides Derived from Bovine Milk Proteins, 2) Angiotensin-I-converting enzyme inhibitory peptides from tryptic hydrolysate of bovine αS2-casein, 3) Angiotensin I-Converting Enzyme Inhibitory Activity of the C-Terminal Hexapeptide of αs1- Casein || Bos taurus || Alpha-S1-casein",out_of_length_range,mbpdb_core_standardized
,,,180,TVDQHQ,6,True,True,210.5,210.5,210.5,210.5,=,exact_molar,sequence_level_core,True,True,1,1,,,,mbpdb_ace_000270 || MBPDB_P33049_TVDQHQ_198-203,10.1128/AEM.69.9.5297-5305.2003,Angiotensin I-Converting-Enzyme-Inhibitory and Antibacterial Peptides from Lactobacillus helveticusPR4 Proteinase-Hydrolyzed Caseins of Milk from Six Species || Capra hircus || Alpha-S2-casein,out_of_length_range,mbpdb_core_standardized
,,,181,VAGTWY,6,True,True,767.5,767.5,767.5,767.5,=,exact_molar,sequence_level_core,True,True,1,1,,,,mbpdb_ace_000064 || MBPDB_P02754_VAGTWY_31-36,10.1017/s0022029999003982,Angiotensin I-converting enzyme inhibitory properties of whey protein digests: concentration and characterization of active peptides || Bos taurus || Beta-lactoglobulin,out_of_length_range,mbpdb_core_standardized
,,,182,VLDTDY,6,True,True,128.0,128.0,128.0,128.0,=,exact_molar,sequence_level_core,True,True,1,1,,,,mbpdb_ace_000071 || MBPDB_P02754_VLDTDY_110-115,10.1016/j.jff.2015.11.038,Do whey protein-derived peptides have dual dipeptidyl-peptidase IV and angiotensin I-converting enzyme inhibitory activities? || Bos taurus || Beta-lactoglobulin,out_of_length_range,mbpdb_core_standardized
,,,183,VLSRYP,6,True,True,36.7,36.7,36.7,36.7,=,exact_molar,sequence_level_core,True,True,1,1,,,,mbpdb_ace_000045 || MBPDB_P02668_VLSRYP_52-57,10.1016/j.jff.2015.04.043,Purification and identification of novel peptides with inhibitory effect against angiotensin I-converting enzyme and optimization of process conditions in milk fermented with the yeast Kluyveromyces marxianus || Bos taurus || Kappa-casein,out_of_length_range,mbpdb_core_standardized
,,,184,VPQPIP,6,True,True,290.0,290.0,290.0,290.0,=,exact_molar,sequence_level_core,True,True,1,1,,,,mbpdb_ace_000132 || MBPDB_P05814_VPQPIP_153-158,10.1080/00021369.1989.10869621,Inhibition of Angiotensin-converting Enzyme by Synthetic Peptides of Human β-Casein || Homo sapiens || Beta-casein,out_of_length_range,mbpdb_core_standardized
,,,185,VPSERY,6,True,True,706.1,706.1,706.1,706.1,=,exact_molar,sequence_level_core,True,True,1,1,,,,mbpdb_ace_000304 || MBPDB_P04653_VPSERY_101-106,10.1016/j.idairyj.2004.04.007,Angiotensin converting enzyme-inhibitory activity of peptides isolated from Manchego cheese Stability under simulated gastrointestinal digestion || Ovis aries || Alpha-S1-casein,out_of_length_range,mbpdb_core_standardized
,,,186,VRGPFP,6,True,True,592.0,592.0,592.0,592.0,=,exact_molar,sequence_level_core,True,True,1,1,,,,mbpdb_ace_000130 || MBPDB_P11839_VRGPFP_214-219,10.1016/S0958-6946(02)00059-6,Angiotensin-converting enzyme-inhibitory peptides in Manchego cheeses manufactured with different starter cultures || Ovis aries || Beta-casein,out_of_length_range,mbpdb_core_standardized
,,,187,VSLPEW,6,True,True,57.0,57.0,57.0,57.0,=,exact_molar,sequence_level_core,True,True,1,1,,,,mbpdb_ace_000250 || MBPDB_P00711_VSLPEW_40-45,10.1016/j.idairyj.2007.04.008,Fractionation and identification of ACE-inhibitory peptides from α-Lactalbumin and β-casein produced by thermolysin-catalysed hydrolysis || Bos taurus || Alpha-lactalbumin,out_of_length_range,mbpdb_core_standardized
,,,188,VYPFPG,6,True,True,221.0,221.0,221.0,221.0,=,exact_molar,sequence_level_core,True,True,1,1,,,,mbpdb_ace_000125 || MBPDB_P02666_VYPFPG_74-79,10.3168/jds.S0022-0302(98)75878-3,Structural analysis of new antihypertensive peptides derived from cheese whey protein by proteinase K digestion || Bos taurus || Beta-casein,out_of_length_range,mbpdb_core_standardized
,,,189,WYSLAM,6,True,True,56.3,56.3,56.3,56.3,=,exact_molar,sequence_level_core,True,True,1,1,,,,mbpdb_ace_000079 || MBPDB_P02754_WYSLAM_35-40,10.1021/jf063427j,ACE-Inhibitory and Radical-Scavenging Activity of Peptides Derived from β-Lactoglobulin f(19-25) Interactions with Ascorbic Acid || Bos taurus || Beta-lactoglobulin,out_of_length_range,mbpdb_core_standardized
,,,190,YAKPVA,6,True,True,14.3,14.3,14.3,14.3,=,exact_molar,sequence_level_core,True,True,1,1,,,,mbpdb_ace_000042 || MBPDB_P02669_YAKPVA_82-87,10.1002/mnfr.200900448,Changes in arterial blood pressure after single oral administration of milk-casein-derived peptides in spontaneously hypertensive rats || Ovis aries || Kappa-casein,out_of_length_range,mbpdb_core_standardized
,,,191,YFYPEL,6,True,True,8.82,8.82,8.82,8.82,=,exact_molar,sequence_level_core,True,True,1,1,,,,mbpdb_ace_000288 || MBPDB_P02662_YFYPEL_159-164,10.3390/foods9080991,In Silico and In Vitro Analysis of Multifunctionality of Animal Food-Derived Peptides || Bos taurus || Alpha-S1-casein,out_of_length_range,mbpdb_core_standardized
,,,192,YIPIQY,6,True,True,10.0,10.0,10.0,10.0,=,exact_molar,sequence_level_core,True,True,1,1,,,,mbpdb_ace_000040 || MBPDB_P02669_YIPIQY_46-51,10.1002/elps.200700324,Identification of novel angiotensin-converting enzyme-inhibitory peptides from ovine milk proteins by CE-MS and chromatographic techniques || Ovis aries || Kappa-casein,out_of_length_range,mbpdb_core_standardized
,,,193,YKVPQL,6,True,True,22.0,22.0,22.0,22.0,=,exact_molar,sequence_level_core,True,True,1,1,,,,mbpdb_ace_000302 || MBPDB_P02662_YKVPQL_119-124,10.3168/jds.S0022-0302(96)76487-1,Identification of an Antihypertensive Peptide from Casein Hydrolysate Produced by a Proteinase from Lactobacillus helveticus CP790 || Bos taurus || Alpha-S1-casein,out_of_length_range,mbpdb_core_standardized
,,,194,YLGYLE,6,True,True,85.76,85.76,85.76,85.76,=,exact_molar,sequence_level_core,True,True,1,1,,,,mbpdb_ace_000287 || MBPDB_P02662_YLGYLE_106-111,10.3390/foods9080991,In Silico and In Vitro Analysis of Multifunctionality of Animal Food-Derived Peptides || Bos taurus || Alpha-S1-casein,out_of_length_range,mbpdb_core_standardized
,,,195,YPFVEP,6,True,True,7.48,7.48,7.48,7.48,=,exact_molar,sequence_level_core,True,True,1,1,,,,mbpdb_ace_000344 || MBPDB_P05814_YPFVEP_66-71,10.3390/foods9080991,In Silico and In Vitro Analysis of Multifunctionality of Animal Food-Derived Peptides || Homo sapiens || Beta-casein,out_of_length_range,mbpdb_core_standardized
,,,196,YQEPVL,6,True,True,144.07,144.07,144.07,144.07,=,exact_molar,sequence_level_core,True,True,1,1,,,,mbpdb_ace_000121 || MBPDB_P02666_YQEPVL_208-213,"1) 10.1016/S0958-6946(98)00048-X, 2) 10.1016/j.idairyj.2007.02.009","1) Angiotensin I Converting Enzyme Inhibitory Peptides Derived from Bovine Milk Proteins, 2) ACE-inhibitory activity of probiotic yoghurt || Bos taurus || Beta-casein",out_of_length_range,mbpdb_core_standardized
,,,197,ALPMHIR,7,True,True,28.3,28.3,28.3,28.3,=,exact_molar,sequence_level_core,True,True,1,1,,,,mbpdb_ace_000066 || MBPDB_P02754_ALPMHIR_158-164,"1) 10.1016/j.foodchem.2014.09.098, 2) 10.1016/s0014-5793(96)01503-7","1) Antihypertensive effect of the bovine casein-derived peptide Met-Lys-Pro, 2) Identification of a novel angiotensin-I-converting enzyme inhibitory peptide corresponding to a tryptic fragment of bovine β-lactoglobulin || Bos taurus || Beta-lactoglobulin",out_of_length_range,mbpdb_core_standardized
,,,198,AVPYPQR,7,True,True,144.5,144.5,144.5,144.5,=,exact_molar,sequence_level_core,True,True,1,1,,,,mbpdb_ace_000117 || MBPDB_P02666_AVPYPQR_192-198,"1) 10.1080/00021369.1985.10866901, 2) 10.1016/S0958-6946(98)00048-X","1) Angiotensin I-Converting Enzyme Inhibitor Derived from an Enzymatic Hydrolysate of Casein II Isolation and Bradykinin-potentiating Activity on the Uterus and the Ileum of Rats, 2) Angiotensin I Converting Enzyme Inhibitory Peptides Derived from Bovine Milk Proteins || Bos taurus || Beta-casein",out_of_length_range,mbpdb_core_standardized
,,,199,AYFYPEL,7,True,True,6.58,6.58,6.58,6.58,=,exact_molar,sequence_level_core,True,True,1,1,,,,mbpdb_ace_000290 || MBPDB_P02662_AYFYPEL_158-164,10.1016/j.idairyj.2009.05.004,Novel casein-derived peptides with antihypertensive activity || Bos taurus || Alpha-S1-casein,out_of_length_range,mbpdb_core_standardized
,,,200,CRRWQWR,7,True,True,2.3,2.3,2.3,2.3,=,exact_molar,sequence_level_core,True,True,1,1,,,,mbpdb_ace_000028 || MBPDB_P24627_CRRWQWR_38-44,10.1021/jf100899u,Antihypertensive Properties of Lactoferricin β-Derived Peptides || Bos taurus || Lactotransferrin,out_of_length_range,mbpdb_core_standardized
,,,201,DKVGINY,7,True,True,102.06,102.06,102.06,102.06,=,exact_molar,sequence_level_core,True,True,1,1,,,,mbpdb_ace_000259 || MBPDB_P00711_DKVGINY_116-122,"1) 10.1016/j.peptides.2011.02.005, 2) 10.1016/j.foodchem.2011.09.052","1) Novel whey-derived peptides with inhibitory effect against angiotensin-converting enzyme: In vitro effect and stability to gastrointestinal enzymes, 2) The Portuguese Paradox: Why do some inhabitants of Portugal appear to live so long when their diet is based on whey cheese? || Bos taurus || Alpha-lactalbumin",out_of_length_range,mbpdb_core_standardized
,,,202,DPYKLRP,7,True,True,30.5,30.5,30.5,30.5,=,exact_molar,sequence_level_core,True,True,1,1,,,,mbpdb_ace_000027 || MBPDB_P24627_DPYKLRP_89-95,10.1021/jf4053868,Novel Antihypertensive Lactoferrin-Derived Peptides Produced by Kluyveromyces marxianus: Gastrointestinal Stability Profile and In Vivo Angiotensin I-Converting Enzyme (ACE) Inhibition || Bos taurus || Lactotransferrin,out_of_length_range,mbpdb_core_standardized
,,,203,FPEVFGK,7,True,True,140.0,140.0,140.0,140.0,=,exact_molar,sequence_level_core,True,True,1,1,,,,mbpdb_ace_000321 || MBPDB_P02662_FPEVFGK_43-49,10.1080/00021369.1987.10868244,Studies on the Active Site and Antihypertensive Activity of Angiotensin I-Converting Enzyme Inhibitors Derived from Casein || Bos taurus || Alpha-S1-casein,out_of_length_range,mbpdb_core_standardized
,,,204,FPQYLQY,7,True,True,14.0,14.0,14.0,14.0,=,exact_molar,sequence_level_core,True,True,1,1,,,,mbpdb_ace_000281 || MBPDB_P02663_FPQYLQY_107-113,10.1016/s0014-5793(02)03576-7,Angiotensin-I-converting enzyme inhibitory peptides from tryptic hydrolysate of bovine αS2-casein || Bos taurus || Alpha-S2-casein,out_of_length_range,mbpdb_core_standardized
,,,205,FSDKIAK,7,True,True,113.6,113.6,113.6,113.6,=,exact_molar,sequence_level_core,True,True,1,1,,,,mbpdb_ace_000038 || MBPDB_P02668_FSDKIAK_39-45,10.1051/lait:2007019,"Casein hydrolysates as a source of antimicrobial, antioxidant and antihypertensive peptides || Bos taurus || Kappa-casein",out_of_length_range,mbpdb_core_standardized
,,,206,GPFPILV,7,True,True,424.0,424.0,424.0,424.0,=,exact_molar,sequence_level_core,True,True,1,1,,,,mbpdb_ace_000108 || MBPDB_P33048_GPFPILV_216-222,10.3168/jds.S0022-0302(05)73032-0,Angiotensin-Converting Enzyme Inhibitory Activity of Peptides Derived from Caprine Kefir || Capra hircus || Beta-casein,out_of_length_range,mbpdb_core_standardized
,,,207,GVSLPEW,7,True,True,30.0,30.0,30.0,30.0,=,exact_molar,sequence_level_core,True,True,1,1,,,,mbpdb_ace_000257 || MBPDB_P00711_GVSLPEW_39-45,10.1016/j.idairyj.2007.04.008,Fractionation and identification of ACE-inhibitory peptides from α-Lactalbumin and β-casein produced by thermolysin-catalysed hydrolysis || Bos taurus || Alpha-lactalbumin,out_of_length_range,mbpdb_core_standardized
,,,208,KKYNVPQ,7,True,True,716.9,716.9,716.9,716.9,=,exact_molar,sequence_level_core,True,True,1,1,,,,mbpdb_ace_000315 || MBPDB_P04653_KKYNVPQ_117-123,10.1016/j.idairyj.2004.04.007,Angiotensin converting enzyme-inhibitory activity of peptides isolated from Manchego cheese Stability under simulated gastrointestinal digestion || Ovis aries || Alpha-S1-casein,out_of_length_range,mbpdb_core_standardized
,,,209,KLLSHSL,7,True,True,42.51,42.51,42.51,42.51,=,exact_molar,sequence_level_core,True,True,1,1,,,,mbpdb_ace_000327 || MBPDB_P01966_KLLSHSL_100-106,10.1007/s00217-011-1430-z,a 67-106 of bovine hemoglobin: a new family of antimicrobial and angiotensin I-converting enzyme inhibitory peptides || Bos taurus || Hemoglobin subunit alpha,out_of_length_range,mbpdb_core_standardized
,,,210,KVLPVPQ,7,True,True,1000.0,1000.0,1000.0,1000.0,=,exact_molar,sequence_level_core,True,True,1,1,,,,mbpdb_ace_000209 || MBPDB_P02666_KVLPVPQ_184-190,"1) 10.3168/jds.S0022-0302(96)76487-1, 2) 10.3168/jds.2019-17976, 3) 10.1016/j.peptides.2008.02.005","1) Identification of an Antihypertensive Peptide from Casein Hydrolysate Produced by a Proteinase from Lactobacillus helveticus CP790, 2) Characterization of casein-derived peptide bioactivity: Differential effects on angiotensin-converting enzyme inhibition and cytokine and nitric oxide production, 3) The antihypertensive effect of peptides: a novel alternative to drugs? || Bos taurus || Beta-casein",out_of_length_range,mbpdb_core_standardized
,,,211,LHLPLPL,7,True,True,425.0,425.0,425.0,425.0,=,exact_molar,sequence_level_core,True,True,1,1,,,,mbpdb_ace_000202 || MBPDB_P02666_LHLPLPL_148-154,10.1016/j.idairyj.2005.12.011,Identification of novel antihypertensive peptides in milk fermented with Enterococcus faecalis || Bos taurus || Beta-casein,out_of_length_range,mbpdb_core_standardized
,,,212,LKALPMH,7,True,True,11.0,11.0,11.0,11.0,=,exact_molar,sequence_level_core,True,True,1,1,,,,mbpdb_ace_000072 || MBPDB_P02754_LKALPMH_156-162,10.1016/j.jff.2015.11.038,Do whey protein-derived peptides have dual dipeptidyl-peptidase IV and angiotensin I-converting enzyme inhibitory activities? || Bos taurus || Beta-lactoglobulin,out_of_length_range,mbpdb_core_standardized
,,,213,LNNSRAP,7,True,True,105.3,105.3,105.3,105.3,=,exact_molar,sequence_level_core,True,True,1,1,,,,mbpdb_ace_000019 || MBPDB_P24627_LNNSRAP_251-257,10.1016/j.foodchem.2011.08.076,Antihypertensive effect of a bovine lactoferrin pepsin hydrolysate: Identification of novel active peptides || Bos taurus || Lactotransferrin,out_of_length_range,mbpdb_core_standardized
,,,214,LPQNILP,7,True,True,46.0,46.0,46.0,46.0,=,exact_molar,sequence_level_core,True,True,1,1,,,,mbpdb_ace_000196 || MBPDB_P05814_LPQNILP_77-83,10.1080/00021369.1989.10869621,Inhibition of Angiotensin-converting Enzyme by Synthetic Peptides of Human β-Casein || Homo sapiens || Beta-casein,out_of_length_range,mbpdb_core_standardized
,,,215,LSFNPTQ,7,True,True,106.0,106.0,106.0,106.0,=,exact_molar,sequence_level_core,True,True,1,1,,,,mbpdb_ace_000084 || MBPDB_P02754_LSFNPTQ_165-171,10.1016/j.jff.2015.11.038,Do whey protein-derived peptides have dual dipeptidyl-peptidase IV and angiotensin I-converting enzyme inhibitory activities? || Bos taurus || Beta-lactoglobulin,out_of_length_range,mbpdb_core_standardized
,,,216,NLHLPLP,7,True,True,51.0,51.0,51.0,51.0,=,exact_molar,sequence_level_core,True,True,1,1,,,,mbpdb_ace_000177 || MBPDB_P05814_NLHLPLP_138-144,10.1080/00021369.1989.10869621,Inhibition of Angiotensin-converting Enzyme by Synthetic Peptides of Human β-Casein || Homo sapiens || Beta-casein,out_of_length_range,mbpdb_core_standardized
,,,217,PQPLIYP,7,True,True,3.0,3.0,3.0,3.0,=,exact_molar,sequence_level_core,True,True,1,1,,,,mbpdb_ace_000164 || MBPDB_P05814_PQPLIYP_61-67,10.1080/00021369.1989.10869621,Inhibition of Angiotensin-converting Enzyme by Synthetic Peptides of Human β-Casein || Homo sapiens || Beta-casein,out_of_length_range,mbpdb_core_standardized
,,,218,PQTLALP,7,True,True,110.0,110.0,110.0,110.0,=,exact_molar,sequence_level_core,True,True,1,1,,,,mbpdb_ace_000163 || MBPDB_P05814_PQTLALP_158-164,10.1080/00021369.1989.10869621,Inhibition of Angiotensin-converting Enzyme by Synthetic Peptides of Human β-Casein || Homo sapiens || Beta-casein,out_of_length_range,mbpdb_core_standardized
,,,219,QVPQPIP,7,True,True,660.0,660.0,660.0,660.0,=,exact_molar,sequence_level_core,True,True,1,1,,,,mbpdb_ace_000153 || MBPDB_P05814_QVPQPIP_152-158,10.1080/00021369.1989.10869621,Inhibition of Angiotensin-converting Enzyme by Synthetic Peptides of Human β-Casein || Homo sapiens || Beta-casein,out_of_length_range,mbpdb_core_standardized
,,,220,TQSLVYP,7,True,True,64.0,64.0,64.0,64.0,=,exact_molar,sequence_level_core,True,True,1,1,,,,mbpdb_ace_000141 || MBPDB_P02666_TQSLVYP_70-76,10.1271/bbb1961.54.1101,Inhibition of angiotensin-converting enzyme by synthetic peptide fragments of various β-caseins || Bos taurus || Beta-casein,out_of_length_range,mbpdb_core_standardized
,,,221,VLDTDYK,7,True,True,946.0,946.0,946.0,946.0,=,exact_molar,sequence_level_core,True,True,1,1,,,,mbpdb_ace_000082 || MBPDB_P02754_VLDTDYK_110-116,10.1017/s0022029999003982,Angiotensin I-converting enzyme inhibitory properties of whey protein digests: concentration and characterization of active peptides || Bos taurus || Beta-lactoglobulin,out_of_length_range,mbpdb_core_standardized
,,,222,VLPVPQK,7,True,True,15.0,15.0,15.0,15.0,=,exact_molar,sequence_level_core,True,True,1,1,,,,mbpdb_ace_000115 || MBPDB_P02666_VLPVPQK_185-191,10.1016/j.foodchem.2015.05.121,Transepithelial transport of milk derived bioactive peptide VLPVPQK || Bos taurus || Beta-casein,out_of_length_range,mbpdb_core_standardized
,,,223,VPSERYL,7,True,True,249.5,249.5,249.5,249.5,=,exact_molar,sequence_level_core,True,True,1,1,,,,mbpdb_ace_000303 || MBPDB_P04653_VPSERYL_101-107,10.1016/j.idairyj.2004.04.007,Angiotensin converting enzyme-inhibitory activity of peptides isolated from Manchego cheese Stability under simulated gastrointestinal digestion || Ovis aries || Alpha-S1-casein,out_of_length_range,mbpdb_core_standardized
,,,224,WLAHKAL,7,True,True,29.0,29.0,29.0,29.0,=,exact_molar,sequence_level_core,True,True,1,1,,,,mbpdb_ace_000245 || MBPDB_P00711_WLAHKAL_123-129,10.1016/j.jff.2015.11.038,Do whey protein-derived peptides have dual dipeptidyl-peptidase IV and angiotensin I-converting enzyme inhibitory activities? || Bos taurus || Alpha-lactalbumin,out_of_length_range,mbpdb_core_standardized
,,,225,WSVPQPK,7,True,True,667.96,667.96,667.96,667.96,=,exact_molar,sequence_level_core,True,True,1,1,,,,mbpdb_ace_000112 || MBPDB_P05814_WSVPQPK_169-175,10.1016/j.idairyj.2005.12.012,Identification of bioactive peptides after digestion of human milk and infant formula with pepsin and pancreatin || Homo sapiens || Beta-casein,out_of_length_range,mbpdb_core_standardized
,,,226,WYSLAMA,7,True,True,59.9,59.9,59.9,59.9,=,exact_molar,sequence_level_core,True,True,1,1,,,,mbpdb_ace_000078 || MBPDB_P02754_WYSLAMA_35-41,10.1021/jf063427j,ACE-Inhibitory and Radical-Scavenging Activity of Peptides Derived from β-Lactoglobulin f(19-25) Interactions with Ascorbic Acid || Bos taurus || Beta-lactoglobulin,out_of_length_range,mbpdb_core_standardized
,,,227,YPFPGPI,7,True,True,592.9549999999999,592.9549999999999,592.9549999999999,592.9549999999999,=,exact_molar,sequence_level_core,True,True,1,1,,,,mbpdb_ace_000101 || MBPDB_P02666_YPFPGPI_75-81,"1) 10.1016/j.idairyj.2004.02.011, 2) 10.3390/foods9080991","1) Release of angiotensin converting enzyme-inhibitory peptides by simulated gastrointestinal digestion of infant formulas, 2) In Silico and In Vitro Analysis of Multifunctionality of Animal Food-Derived Peptides || Bos taurus || Beta-casein",out_of_length_range,mbpdb_core_standardized
,,,228,YQKFPQY,7,True,True,59.09,59.09,59.09,59.09,=,exact_molar,sequence_level_core,True,True,1,1,,,,mbpdb_ace_000261 || MBPDB_P33049_YQKFPQY_105-111,"1) 10.3168/jds.S0022-0302(06)72370-0, 2) 10.1016/j.idairyj.2013.05.008","1) Bioactive Peptides in Ovine and Caprine Cheeselike Systems Prepared with Proteases from Cynara cardunculus, 2) Resistance of casein-derived bioactive peptides to simulated gastrointestinal digestion || Capra hircus || Alpha-S2-casein",out_of_length_range,mbpdb_core_standardized
,,,229,YQQRPVA,7,True,True,14.3,14.3,14.3,14.3,=,exact_molar,sequence_level_core,True,True,1,1,,,,mbpdb_ace_000039 || MBPDB_P02669_YQQRPVA_64-70,10.1002/elps.200700324,Identification of novel angiotensin-converting enzyme-inhibitory peptides from ovine milk proteins by CE-MS and chromatographic techniques || Ovis aries || Kappa-casein,out_of_length_range,mbpdb_core_standardized
,,,230,ANPAVVRP,8,True,True,25.0,25.0,25.0,25.0,=,exact_molar,sequence_level_core,True,True,1,1,,,,mbpdb_ace_000062 || MBPDB_P07498_ANPAVVRP_82-89,10.1080/00021369.1989.10869621,Inhibition of angiotensin-converting enzyme by synthetic peptide fragments of human kappa-casein || Homo sapiens || Kappa-casein,out_of_length_range,mbpdb_core_standardized
,,,231,DAYPSGAW,8,True,True,98.0,98.0,98.0,98.0,=,exact_molar,sequence_level_core,True,True,1,1,,,,mbpdb_ace_000326 || MBPDB_P02662_DAYPSGAW_172-179,10.1016/S0958-6946(98)00048-X,Angiotensin I Converting Enzyme Inhibitory Peptides Derived from Bovine Milk Proteins || Bos taurus || Alpha-S1-casein,out_of_length_range,mbpdb_core_standardized
,,,232,DKVGINYW,8,True,True,25.375,25.375,25.375,25.375,=,exact_molar,sequence_level_core,True,True,1,1,,,,mbpdb_ace_000258 || MBPDB_P00711_DKVGINYW_116-123,"1) 10.1016/j.peptides.2011.02.005, 2) 10.1016/j.foodchem.2011.09.052, 3) 10.1002/mnfr.201100381","1) Novel whey-derived peptides with inhibitory effect against angiotensin-converting enzyme: In vitro effect and stability to gastrointestinal enzymes, 2) The Portuguese Paradox: Why do some inhabitants of Portugal appear to live so long when their diet is based on whey cheese?, 3) Acute effect of whey peptides upon blood pressure of hypertensive rats, and relationship with their angiotensin-converting enzyme inhibitory activity || Bos taurus || Alpha-lactalbumin",out_of_length_range,mbpdb_core_standardized
,,,233,EGPKLVAS,8,True,True,19.0,19.0,19.0,19.0,=,exact_molar,sequence_level_core,True,True,1,1,,,,mbpdb_ace_000008 || MBPDB_P14639_EGPKLVAS_594-601,10.1016/j.idairyj.2012.12.006,Quantitative structureeactivity relationship based screening of bioactive peptides identified in ripened cheese || Ovis aries || Serum albumin,out_of_length_range,mbpdb_core_standardized
,,,234,ENLHLPLP,8,True,True,155.0,155.0,155.0,155.0,=,exact_molar,sequence_level_core,True,True,1,1,,,,mbpdb_ace_000236 || MBPDB_P05814_ENLHLPLP_137-144,10.1080/00021369.1989.10869621,Inhibition of Angiotensin-converting Enzyme by Synthetic Peptides of Human β-Casein || Homo sapiens || Beta-casein,out_of_length_range,mbpdb_core_standardized
,,,235,FALPQYLK,8,True,True,8.1,8.1,8.1,8.1,=,exact_molar,sequence_level_core,True,True,1,1,,,,mbpdb_ace_000265 || MBPDB_P02663_FALPQYLK_189-196,"1) 10.1051/lait:2007019, 2) 10.1016/s0014-5793(02)03576-7","1) Casein hydrolysates as a source of antimicrobial, antioxidant and antihypertensive peptides, 2) Angiotensin-I-converting enzyme inhibitory peptides from tryptic hydrolysate of bovine αS2-casein || Bos taurus || Alpha-S2-casein",out_of_length_range,mbpdb_core_standardized
,,,236,FKCRRWQW,8,True,True,10.5,10.5,10.5,10.5,=,exact_molar,sequence_level_core,True,True,1,1,,,,mbpdb_ace_000025 || MBPDB_P24627_FKCRRWQW_36-43,10.1021/jf100899u,Antihypertensive Properties of Lactoferricin β-Derived Peptides || Bos taurus || Lactotransferrin,out_of_length_range,mbpdb_core_standardized
,,,237,HPHPHLSF,8,True,True,28.9,28.9,28.9,28.9,=,exact_molar,sequence_level_core,True,True,1,1,,,,mbpdb_ace_000057 || MBPDB_P02669_HPHPHLSF_119-126,"1) 10.1002/mnfr.200900448 , 2) 10.1002/elps.200700324","1) Changes in arterial blood pressure after single oral administration of milk-casein-derived peptides in spontaneously hypertensive rats, 2) Identification of novel angiotensin-converting enzyme-inhibitory peptides from ovine milk proteins by CE-MS and chromatographic techniques || Ovis aries || Kappa-casein",out_of_length_range,mbpdb_core_standardized
,,,238,IQKVAGTW,8,True,True,175.5,175.5,175.5,175.5,=,exact_molar,sequence_level_core,True,True,1,1,,,,mbpdb_ace_000073 || MBPDB_P02754_IQKVAGTW_28-35,"1) 10.1016/j.jff.2015.11.038, 2) 10.1016/j.foodchem.2017.02.032","1) Do whey protein-derived peptides have dual dipeptidyl-peptidase IV and angiotensin I-converting enzyme inhibitory activities?, 2) Empirical and bioinformatic characterization of buffalo (Bubalus bubalis) colostrum whey peptides and their angiotensin I-converting enzyme inhibition || Bos taurus || Beta-lactoglobulin",out_of_length_range,mbpdb_core_standardized
,,,239,KCRRWQWR,8,True,True,5.8,5.8,5.8,5.8,=,exact_molar,sequence_level_core,True,True,1,1,,,,mbpdb_ace_000022 || MBPDB_P24627_KCRRWQWR_37-44,10.1021/jf100899u,Antihypertensive Properties of Lactoferricin B-Derived Peptides || Bos taurus || Lactotransferrin,out_of_length_range,mbpdb_core_standardized
,,,240,KGYGGVSL,8,True,True,313.04999999999995,313.04999999999995,313.04999999999995,313.04999999999995,=,exact_molar,sequence_level_core,True,True,1,1,,,,mbpdb_ace_000254 || MBPDB_P00711_KGYGGVSL_35-42,"1) 10.1016/j.peptides.2011.02.005, 2) 10.1016/j.foodchem.2011.09.052","1) Novel whey-derived peptides with inhibitory effect against angiotensin-converting enzyme: In vitro effect and stability to gastrointestinal enzymes, 2) The Portuguese Paradox: Why do some inhabitants of Portugal appear to live so long when their diet is based on whey cheese? || Bos taurus || Alpha-lactalbumin",out_of_length_range,mbpdb_core_standardized
,,,241,KKYNVPQL,8,True,True,77.1,77.1,77.1,77.1,=,exact_molar,sequence_level_core,True,True,1,1,,,,mbpdb_ace_000314 || MBPDB_P04653_KKYNVPQL_117-124,10.1016/j.idairyj.2004.04.007,Angiotensin converting enzyme-inhibitory activity of peptides isolated from Manchego cheese Stability under simulated gastrointestinal digestion || Ovis aries || Alpha-S1-casein,out_of_length_range,mbpdb_core_standardized
,,,242,LVYPFPGP,8,True,True,147.0,147.0,147.0,147.0,=,exact_molar,sequence_level_core,True,True,1,1,,,,mbpdb_ace_000190 || MBPDB_P02666_LVYPFPGP_73-80,10.1016/j.idairyj.2007.04.008,Fractionation and identification of ACE-inhibitory peptides from α-Lactalbumin and β-casein produced by thermolysin-catalysed hydrolysis || Bos taurus || Beta-casein,out_of_length_range,mbpdb_core_standardized
,,,243,MKPWIQPK,8,True,True,300.0,300.0,300.0,300.0,=,exact_molar,sequence_level_core,True,True,1,1,,,,mbpdb_ace_000274 || MBPDB_P02663_MKPWIQPK_205-212,10.3168/jds.S0022-0302(96)76487-1,Identification of an Antihypertensive Peptide from Casein Hydrolysate Produced by a Proteinase from Lactobacillus helveticus CP790 || Bos taurus || Alpha-S2-casein,out_of_length_range,mbpdb_core_standardized
,,,244,NMAINPSK,8,True,True,60.0,60.0,60.0,60.0,=,exact_molar,sequence_level_core,True,True,1,1,,,,mbpdb_ace_000273 || MBPDB_P02663_NMAINPSK_40-47,10.1016/s0014-5793(02)03576-7,Angiotensin-I-converting enzyme inhibitory peptides from tryptic hydrolysate of bovine αS2-casein || Bos taurus || Alpha-S2-casein,out_of_length_range,mbpdb_core_standardized
,,,245,PFFDPQIP,8,True,True,410.0,410.0,410.0,410.0,=,exact_molar,sequence_level_core,True,True,1,1,,,,mbpdb_ace_000173 || MBPDB_P05814_PFFDPQIP_124-131,10.1080/00021369.1989.10869621,Inhibition of Angiotensin-converting Enzyme by Synthetic Peptides of Human β-Casein || Homo sapiens || Beta-casein,out_of_length_range,mbpdb_core_standardized
,,,246,PFPEVFGK,8,True,True,108.0,108.0,108.0,108.0,=,exact_molar,sequence_level_core,True,True,1,1,,,,mbpdb_ace_000350 || MBPDB_P02662_PFPEVFGK_42-49,10.3168/jds.2015-10437,Short communication: Measuring the angiotensin-converting enzyme inhibitory activity of an 8-amino acid (8mer) fragment of the C12 antihypertensive peptide || Bos taurus || Alpha-S1-casein,out_of_length_range,mbpdb_core_standardized
,,,247,QPQPLIYP,8,True,True,4.0,4.0,4.0,4.0,=,exact_molar,sequence_level_core,True,True,1,1,,,,mbpdb_ace_000156 || MBPDB_P05814_QPQPLIYP_60-67,10.1080/00021369.1989.10869621,Inhibition of Angiotensin-converting Enzyme by Synthetic Peptides of Human β-Casein || Homo sapiens || Beta-casein,out_of_length_range,mbpdb_core_standardized
,,,248,QTQSLVYP,8,True,True,73.0,73.0,73.0,73.0,=,exact_molar,sequence_level_core,True,True,1,1,,,,mbpdb_ace_000154 || MBPDB_P02666_QTQSLVYP_69-76,10.1271/bbb1961.54.1101,Inhibition of angiotensin-converting enzyme by synthetic peptide fragments of various β-caseins || Bos taurus || Beta-casein,out_of_length_range,mbpdb_core_standardized
,,,249,RDMPIQAF,8,True,True,209.0,209.0,209.0,209.0,=,exact_molar,sequence_level_core,True,True,1,1,,,,mbpdb_ace_000152 || MBPDB_P02666_RDMPIQAF_198-205,10.3168/jds.S0022-0302(94)77026-0,Antihypertensive Effect of the Peptides Derived from Casein by an Extracellular Proteinase from Lactobacillus helveticus CP790 || Bos taurus || Beta-casein,out_of_length_range,mbpdb_core_standardized
,,,250,REKVLASS,8,True,True,32.0,32.0,32.0,32.0,=,exact_molar,sequence_level_core,True,True,1,1,,,,mbpdb_ace_000003 || MBPDB_P14639_REKVLASS_209-216,10.1016/j.idairyj.2012.12.006,Quantitative structureeactivity relationship based screening of bioactive peptides identified in ripened cheese || Ovis aries || Serum albumin,out_of_length_range,mbpdb_core_standardized
,,,251,SKVLPVPQ,8,True,True,39.0,39.0,39.0,39.0,=,exact_molar,sequence_level_core,True,True,1,1,,,,mbpdb_ace_000150 || MBPDB_P02666_SKVLPVPQ_183-190,10.3168/jds.S0022-0302(94)77026-0,Antihypertensive Effect of the Peptides Derived from Casein by an Extracellular Proteinase from Lactobacillus helveticus CP790 || Bos taurus || Beta-casein,out_of_length_range,mbpdb_core_standardized
,,,252,TTFHTSGY,8,True,True,142.0,142.0,142.0,142.0,=,exact_molar,sequence_level_core,True,True,1,1,,,,mbpdb_ace_000354 || MBPDB_P00711_TTFHTSGY_48-55,10.1016/j.bcab.2019.101258,New ACE-inhibitory peptides derived from α-lactalbumin produced by hydrolysis with Bromelia antiacantha peptidases || Bos taurus || Alpha-lactalbumin,out_of_length_range,mbpdb_core_standardized
,,,253,YPFPGPIP,8,True,True,224.05,224.05,224.05,224.05,=,exact_molar,sequence_level_core,True,True,1,1,,,,mbpdb_ace_000345 || MBPDB_P02666_YPFPGPIP_75-82,10.3390/foods9080991,In Silico and In Vitro Analysis of Multifunctionality of Animal Food-Derived Peptides || Bos taurus || Beta-casein,out_of_length_range,mbpdb_core_standardized
,,,254,YQEPVLGP,8,True,True,725.03,725.03,725.03,725.03,=,exact_molar,sequence_level_core,True,True,1,1,,,,mbpdb_ace_000110 || MBPDB_P11839_YQEPVLGP_206-213,10.3168/jds.S0022-0302(06)72370-0,Bioactive Peptides in Ovine and Caprine Cheeselike Systems Prepared with Proteases from Cynara cardunculus || Ovis aries || Beta-casein,out_of_length_range,mbpdb_core_standardized
,,,255,AIPPKKNQD,9,True,True,19.9,19.9,19.9,19.9,=,exact_molar,sequence_level_core,True,True,1,1,,,,mbpdb_ace_000063 || MBPDB_P02668_AIPPKKNQD_128-136,10.1002/jsfa.3394,"Angiotensin I-converting enzyme inhibitory peptides in skim milk fermented with Lactobacillus helveticus 130B4 from camel milk in Inner Mongolia, China || Bos taurus || Kappa-casein",out_of_length_range,mbpdb_core_standardized
,,,256,ALNEINQFY,9,True,True,219.0,219.0,219.0,219.0,=,exact_molar,sequence_level_core,True,True,1,1,,,,mbpdb_ace_000286 || MBPDB_P02663_ALNEINQFY_96-104,10.1016/s0014-5793(02)03576-7,Angiotensin-I-converting enzyme inhibitory peptides from tryptic hydrolysate of bovine αS2-casein || Bos taurus || Alpha-S2-casein,out_of_length_range,mbpdb_core_standardized
,,,257,AMKPWIQPK,9,True,True,600.0,600.0,600.0,600.0,=,exact_molar,sequence_level_core,True,True,1,1,,,,mbpdb_ace_000283 || MBPDB_P02663_AMKPWIQPK_204-212,10.3168/jds.S0022-0302(96)76487-1,Identification of an Antihypertensive Peptide from Casein Hydrolysate Produced by a Proteinase from Lactobacillus helveticus CP790 || Bos taurus || Alpha-S2-casein,out_of_length_range,mbpdb_core_standardized
,,,258,AQTQSLVYP,9,True,True,76.0,76.0,76.0,76.0,=,exact_molar,sequence_level_core,True,True,1,1,,,,mbpdb_ace_000242 || MBPDB_P02666_AQTQSLVYP_68-76,10.1271/bbb1961.54.1101,Inhibition of angiotensin-converting enzyme by synthetic peptide fragments of various β-caseins || Bos taurus || Beta-casein,out_of_length_range,mbpdb_core_standardized
,,,259,EPIPYGFLP,9,True,True,180.0,180.0,180.0,180.0,=,exact_molar,sequence_level_core,True,True,1,1,,,,mbpdb_ace_000234 || MBPDB_P05814_EPIPYGFLP_70-78,10.1080/00021369.1989.10869621,Inhibition of Angiotensin-converting Enzyme by Synthetic Peptides of Human β-Casein || Homo sapiens || Beta-casein,out_of_length_range,mbpdb_core_standardized
,,,260,FQPQPLIYP,9,True,True,1.8,1.8,1.8,1.8,=,exact_molar,sequence_level_core,True,True,1,1,,,,mbpdb_ace_000229 || MBPDB_P05814_FQPQPLIYP_59-67,10.1080/00021369.1989.10869621,Inhibition of Angiotensin-converting Enzyme by Synthetic Peptides of Human β-Casein || Homo sapiens || Beta-casein,out_of_length_range,mbpdb_core_standardized
,,,261,KIHPFAQAQ,9,True,True,132.6,132.6,132.6,132.6,=,exact_molar,sequence_level_core,True,True,1,1,,,,mbpdb_ace_000214 || MBPDB_P33048_KIHPFAQAQ_63-71,10.3168/jds.S0022-0302(05)73032-0,Angiotensin-Converting Enzyme Inhibitory Activity of Peptides Derived from Caprine Kefir || Capra hircus || Beta-casein,out_of_length_range,mbpdb_core_standardized
,,,262,LDAQSAPLR,9,True,True,635.0,635.0,635.0,635.0,=,exact_molar,sequence_level_core,True,True,1,1,,,,mbpdb_ace_000091 || MBPDB_P02754_LDAQSAPLR_48-56,10.1017/s0022029999003982,Angiotensin I-converting enzyme inhibitory properties of whey protein digests: concentration and characterization of active peptides || Bos taurus || Beta-lactoglobulin,out_of_length_range,mbpdb_core_standardized
,,,263,LENLHLPLP,9,True,True,86.0,86.0,86.0,86.0,=,exact_molar,sequence_level_core,True,True,1,1,,,,mbpdb_ace_000205 || MBPDB_P05814_LENLHLPLP_136-144,10.1080/00021369.1989.10869621,Inhibition of Angiotensin-converting Enzyme by Synthetic Peptides of Human β-Casein || Homo sapiens || Beta-casein,out_of_length_range,mbpdb_core_standardized
,,,264,LNVPGEIVE,9,True,True,300.1,300.1,300.1,300.1,=,exact_molar,sequence_level_core,True,True,1,1,,,,mbpdb_ace_000199 || MBPDB_P02666_LNVPGEIVE_21-29,10.1128/AEM.66.9.3898-3904.2000,Production of Angiotensin-I-Converting-Enzyme-Inhibitory Peptides in Fermented Milks Started by Lactobacillus delbrueckii subsp bulgaricus SS1 and Lactococcus lactis subsp cremoris FT4 || Bos taurus || Beta-casein,out_of_length_range,mbpdb_core_standardized
,,,265,LVYPFPGPI,9,True,True,181.6,181.6,181.6,181.6,=,exact_molar,sequence_level_core,True,True,1,1,,,,mbpdb_ace_000189 || MBPDB_Q9TSI0_LVYPFPGPI_73-81,"1) 10.1128/AEM.69.9.5297-5305.2003, 2) 10.1016/j.idairyj.2007.04.008","1) Angiotensin I-Converting-Enzyme-Inhibitory and Antibacterial Peptides from Lactobacillus helveticusPR4 Proteinase-Hydrolyzed Caseins of Milk from Six Species, 2) Fractionation and identification of ACE-inhibitory peptides from α-Lactalbumin and β-casein produced by thermolysin-catalysed hydrolysis || Bubalus bubalis || Beta-casein",out_of_length_range,mbpdb_core_standardized
,,,266,NLHLPLPLL,9,True,True,15.0,15.0,15.0,15.0,=,exact_molar,sequence_level_core,True,True,1,1,,,,mbpdb_ace_000176 || MBPDB_P02666_NLHLPLPLL_147-155,10.1021/jf049510t,Identification of Angiotensin-I-Converting Enzyme Inhibitory Peptides Derived from Sodium Caseinate Hydrolysates Produced by Lactobacillus helveticus NCC 2765 || Bos taurus || Beta-casein,out_of_length_range,mbpdb_core_standardized
,,,267,RPKHPIKHQ,9,True,True,13.4,13.4,13.4,13.4,=,exact_molar,sequence_level_core,True,True,1,1,,,,mbpdb_ace_000306 || MBPDB_P02662_RPKHPIKHQ_16-24,10.3168/jds.S0022-0302(00)75013-2,Isolation and Structural Analysis of Antihypertensive Peptides That Exist Naturally in Gouda Cheese || Bos taurus || Alpha-S1-casein,out_of_length_range,mbpdb_core_standardized
,,,268,VRGPFPIIV,9,True,True,600.0,600.0,600.0,600.0,=,exact_molar,sequence_level_core,True,True,1,1,,,,mbpdb_ace_000129 || MBPDB_P02666_VRGPFPIIV_216-224,"1) 10.1016/j.idairyj.2005.12.011, 2) 10.3168/jds.S0022-0302(06)72372-4","1) Identification of novel antihypertensive peptides in milk fermented with Enterococcus faecalis, 2) Antihypertensive Effect of Peptides Obtained from Enterococcus faecalis-Fermented Milk in Rats || Bos taurus || Beta-casein",out_of_length_range,mbpdb_core_standardized
,,,269,YANPAVVRP,9,True,True,7.8,7.8,7.8,7.8,=,exact_molar,sequence_level_core,True,True,1,1,,,,mbpdb_ace_000041 || MBPDB_P07498_YANPAVVRP_81-89,10.1080/00021369.1989.10869621,Inhibition of angiotensin-converting enzyme by synthetic peptide fragments of human kappa-casein || Homo sapiens || Kappa-casein,out_of_length_range,mbpdb_core_standardized
,,,270,YGGVSLPEW,9,True,True,16.0,16.0,16.0,16.0,=,exact_molar,sequence_level_core,True,True,1,1,,,,mbpdb_ace_000249 || MBPDB_P00711_YGGVSLPEW_37-45,10.1016/j.idairyj.2007.04.008,Fractionation and identification of ACE-inhibitory peptides from α-Lactalbumin and β-casein produced by thermolysin-catalysed hydrolysis || Bos taurus || Alpha-lactalbumin,out_of_length_range,mbpdb_core_standardized
,,,271,YPFPGPIPN,9,True,True,196.725,196.725,196.725,196.725,=,exact_molar,sequence_level_core,True,True,1,1,,,,mbpdb_ace_000105 || MBPDB_P02666_YPFPGPIPN_75-83,"1) 10.3168/jds.S0022-0302(00)75013-2, 2) 10.3390/foods9080991","1) Isolation and Structural Analysis of Antihypertensive Peptides That Exist Naturally in Gouda Cheese, 2) In Silico and In Vitro Analysis of Multifunctionality of Animal Food-Derived Peptides || Bos taurus || Beta-casein",out_of_length_range,mbpdb_core_standardized
,,,272,DAQSAPLRVY,10,True,True,11.91,11.91,11.91,11.91,=,exact_molar,sequence_level_core,True,True,1,1,,,,mbpdb_ace_000097 || MBPDB_P02754_DAQSAPLRVY_49-58,"1) 10.1016/j.peptides.2011.02.005, 2) 10.1016/j.foodchem.2011.09.052","1) Novel whey-derived peptides with inhibitory effect against angiotensin-converting enzyme: In vitro effect and stability to gastrointestinal enzymes, 2) The Portuguese Paradox: Why do some inhabitants of Portugal appear to live so long when their diet is based on whey cheese? || Bos taurus || Beta-lactoglobulin",out_of_length_range,mbpdb_core_standardized
,,,273,ENLHLPLPLL,10,True,True,250.0,250.0,250.0,250.0,=,exact_molar,sequence_level_core,True,True,1,1,,,,mbpdb_ace_000235 || MBPDB_P02666_ENLHLPLPLL_146-155,10.1021/jf049510t,Identification of Angiotensin-I-Converting Enzyme Inhibitory Peptides Derived from Sodium Caseinate Hydrolysates Produced by Lactobacillus helveticus NCC 2765 || Bos taurus || Beta-casein,out_of_length_range,mbpdb_core_standardized
,,,274,FAQTQSLVYP,10,True,True,25.0,25.0,25.0,25.0,=,exact_molar,sequence_level_core,True,True,1,1,,,,mbpdb_ace_000230 || MBPDB_P02666_FAQTQSLVYP_67-76,10.1271/bbb1961.54.1101,Inhibition of angiotensin-converting enzyme by synthetic peptide fragments of various β-caseins || Bos taurus || Beta-casein,out_of_length_range,mbpdb_core_standardized
,,,275,FVAPFPEVFG,10,True,True,650.0,650.0,650.0,650.0,=,exact_molar,sequence_level_core,True,True,1,1,,,,mbpdb_ace_000320 || MBPDB_P02662_FVAPFPEVFG_39-48,10.1021/jf049510t,Identification of Angiotensin-I-Converting Enzyme Inhibitory Peptides Derived from Sodium Caseinate Hydrolysates Produced by Lactobacillus helveticus NCC 2765 || Bos taurus || Alpha-S1-casein,out_of_length_range,mbpdb_core_standardized
,,,276,GYGGVSLPEW,10,True,True,2.0,2.0,2.0,2.0,=,exact_molar,sequence_level_core,True,True,1,1,,,,mbpdb_ace_000256 || MBPDB_P00711_GYGGVSLPEW_36-45,10.1016/j.jff.2015.11.038,Do whey protein-derived peptides have dual dipeptidyl-peptidase IV and angiotensin I-converting enzyme inhibitory activities? || Bos taurus || Alpha-lactalbumin,out_of_length_range,mbpdb_core_standardized
,,,277,KVGTKCCAKP,10,True,True,30.0,30.0,30.0,30.0,=,exact_molar,sequence_level_core,True,True,1,1,,,,mbpdb_ace_000006 || MBPDB_P14639_KVGTKCCAKP_455-464,10.1016/j.idairyj.2012.12.006,Quantitative structureeactivity relationship based screening of bioactive peptides identified in ripened cheese || Ovis aries || Serum albumin,out_of_length_range,mbpdb_core_standardized
,,,278,LDIQKVAGTW,10,True,True,21.0,21.0,21.0,21.0,=,exact_molar,sequence_level_core,True,True,1,1,,,,mbpdb_ace_000089 || MBPDB_P02755_LDIQKVAGTW_28-37,10.1016/j.jff.2015.11.038,Do whey protein-derived peptides have dual dipeptidyl-peptidase IV and angiotensin I-converting enzyme inhibitory activities? || Bubalus bubalis || Beta-lactoglobulin,out_of_length_range,mbpdb_core_standardized
,,,279,LVYPFPGPIP,10,True,True,89.0,89.0,89.0,89.0,=,exact_molar,sequence_level_core,True,True,1,1,,,,mbpdb_ace_000188 || MBPDB_P02666_LVYPFPGPIP_73-82,10.1016/j.idairyj.2009.07.003,Angiotensin I converting enzyme (ACE) inhibitory activity and antihypertensive effect of fermented milk || Bos taurus || Beta-casein,out_of_length_range,mbpdb_core_standardized
,,,280,MPFPKYPVEP,10,True,True,83.0,83.0,83.0,83.0,=,exact_molar,sequence_level_core,True,True,1,1,,,,mbpdb_ace_000182 || MBPDB_P02666_MPFPKYPVEP_124-133,10.1128/AEM.00096-07,Casein Fermentate of Lactobacillus animalisDPC6134 Contains a Range of Novel Propeptide Angiotensin-Converting Enzyme Inhibitors || Bos taurus || Beta-casein,out_of_length_range,mbpdb_core_standardized
,,,281,NIPPLTQTPV,10,True,True,173.3,173.3,173.3,173.3,=,exact_molar,sequence_level_core,True,True,1,1,,,,mbpdb_ace_000180 || MBPDB_P02666_NIPPLTQTPV_88-97,10.1128/AEM.66.9.3898-3904.2000,Production of Angiotensin-I-Converting-Enzyme-Inhibitory Peptides in Fermented Milks Started by Lactobacillus delbrueckii subsp bulgaricus SS1 and Lactococcus lactis subsp cremoris FT4 || Bos taurus || Beta-casein,out_of_length_range,mbpdb_core_standardized
,,,282,PRKEKLCTTS,10,True,True,142.0,142.0,142.0,142.0,=,exact_molar,sequence_level_core,True,True,1,1,,,,mbpdb_ace_000272 || MBPDB_P04654_PRKEKLCTTS_46-55,10.1016/j.idairyj.2012.12.006,Quantitative structureeactivity relationship based screening of bioactive peptides identified in ripened cheese || Ovis aries || Alpha-S2-casein,out_of_length_range,mbpdb_core_standardized
,,,283,QNALIVRYTR,10,True,True,4.6,4.6,4.6,4.6,=,exact_molar,sequence_level_core,True,True,1,1,,,,mbpdb_ace_000004 || MBPDB_P14639_QNALIVRYTR_427-436,10.1016/j.idairyj.2012.12.006,Quantitative structureeactivity relationship based screening of bioactive peptides identified in ripened cheese || Ovis aries || Serum albumin,out_of_length_range,mbpdb_core_standardized
,,,284,SFQPQPLIYP,10,True,True,1.4,1.4,1.4,1.4,=,exact_molar,sequence_level_core,True,True,1,1,,,,mbpdb_ace_000151 || MBPDB_P05814_SFQPQPLIYP_58-67,10.1080/00021369.1989.10869621,Inhibition of Angiotensin-converting Enzyme by Synthetic Peptides of Human β-Casein || Homo sapiens || Beta-casein,out_of_length_range,mbpdb_core_standardized
,,,285,SQSKVLPVPQ,10,True,True,92.0,92.0,92.0,92.0,=,exact_molar,sequence_level_core,True,True,1,1,,,,mbpdb_ace_000145 || MBPDB_P02666_SQSKVLPVPQ_181-190,10.1128/AEM.00096-07,Casein Fermentate of Lactobacillus animalisDPC6134 Contains a Range of Novel Propeptide Angiotensin-Converting Enzyme Inhibitors || Bos taurus || Beta-casein,out_of_length_range,mbpdb_core_standardized
,,,286,TVYTKGRVMP,10,True,True,38.0,38.0,38.0,38.0,=,exact_molar,sequence_level_core,True,True,1,1,,,,mbpdb_ace_000140 || MBPDB_P05814_TVYTKGRVMP_107-116,10.1080/00021369.1989.10869621,Inhibition of Angiotensin-converting Enzyme by Synthetic Peptides of Human β-Casein || Homo sapiens || Beta-casein,out_of_length_range,mbpdb_core_standardized
,,,287,VAPFPQPVVP,10,True,True,273.0,273.0,273.0,273.0,=,exact_molar,sequence_level_core,True,True,1,1,,,,mbpdb_ace_000139 || MBPDB_P86273_VAPFPQPVVP_176-185,10.1016/j.idairyj.2011.04.014,In vitro simulated gastrointestinal digestion of donkeys' milk Peptide characterization by high performance liquid chromatography-tandem mass spectrometry || Equus asinus || Beta-casein,out_of_length_range,mbpdb_core_standardized
,,,288,VGINYWLAHK,10,True,True,327.0,327.0,327.0,327.0,=,exact_molar,sequence_level_core,True,True,1,1,,,,mbpdb_ace_000363 || MBPDB_P00711_VGINYWLAHK_118-127,10.1017/s0022029999003982,Angiotensin I-converting enzyme inhibitory properties of whey protein digests: concentration and characterization of active peptides. || Bos taurus || Alpha-lactalbumin,out_of_length_range,mbpdb_core_standardized
,,,289,VLGPVRGPFP,10,True,True,137.0,137.0,137.0,137.0,=,exact_molar,sequence_level_core,True,True,1,1,,,,mbpdb_ace_000136 || MBPDB_P02666_VLGPVRGPFP_212-221,"1) 10.1016/j.idairyj.2005.12.011, 2) 10.3168/jds.S0022-0302(06)72372-4","1) Identification of novel antihypertensive peptides in milk fermented with Enterococcus faecalis, 2) Antihypertensive Effect of Peptides Obtained from Enterococcus faecalis-Fermented Milk in Rats || Bos taurus || Beta-casein",out_of_length_range,mbpdb_core_standardized
,,,290,VYPFPGPIPN,10,True,True,325.0,325.0,325.0,325.0,=,exact_molar,sequence_level_core,True,True,1,1,,,,mbpdb_ace_000113 || MBPDB_P02666_VYPFPGPIPN_74-83,10.1007/s00217-012-1894-5,Bioactive peptides generated in an enzyme membrane reactor using Bacillus lentus alkaline peptidase || Bos taurus || Beta-casein,out_of_length_range,mbpdb_core_standardized
,,,291,YQEPVLGPVR,10,True,True,300.0,300.0,300.0,300.0,=,exact_molar,sequence_level_core,True,True,1,1,,,,mbpdb_ace_000120 || MBPDB_P02666_YQEPVLGPVR_208-217,10.3168/jds.2015-9569,Angiotensin-I-converting enzyme-inhibitory peptides in commercial Wisconsin Cheddar cheeses of different ages || Bos taurus || Beta-casein,out_of_length_range,mbpdb_core_standardized
,,,292,ALNEINQFYQK,11,True,True,264.0,264.0,264.0,264.0,=,exact_molar,sequence_level_core,True,True,1,1,,,,mbpdb_ace_000285 || MBPDB_P02663_ALNEINQFYQK_96-106,10.1016/s0014-5793(02)03576-7,Angiotensin-I-converting enzyme inhibitory peptides from tryptic hydrolysate of bovine αS2-casein || Bos taurus || Alpha-S2-casein,out_of_length_range,mbpdb_core_standardized
,,,293,KALPMHIRLAF,11,True,True,11.0,11.0,11.0,11.0,=,exact_molar,sequence_level_core,True,True,1,1,,,,mbpdb_ace_000093 || MBPDB_P67976_KALPMHIRLAF_159-169,10.1016/j.idairyj.2012.12.006,Quantitative structureeactivity relationship based screening of bioactive peptides identified in ripened cheese || Ovis aries || Beta-lactoglobulin-1/B,out_of_length_range,mbpdb_core_standardized
,,,294,KGYGGVSLPEW,11,True,True,0.705,0.705,0.705,0.705,=,exact_molar,sequence_level_core,True,True,1,1,,,,mbpdb_ace_000253 || MBPDB_P00711_KGYGGVSLPEW_35-45,"1) 10.1016/j.peptides.2011.02.005, 2) 10.1016/j.foodchem.2011.09.052","1) Novel whey-derived peptides with inhibitory effect against angiotensin-converting enzyme: In vitro effect and stability to gastrointestinal enzymes, 2) The Portuguese Paradox: Why do some inhabitants of Portugal appear to live so long when their diet is based on whey cheese? || Bos taurus || Alpha-lactalbumin",out_of_length_range,mbpdb_core_standardized
,,,295,LVYPFTGPIPN,11,True,True,27.9,27.9,27.9,27.9,=,exact_molar,sequence_level_core,True,True,1,1,,,,mbpdb_ace_000184 || MBPDB_P33048_LVYPFTGPIPN_73-83,10.3168/jds.S0022-0302(05)73032-0,Angiotensin-Converting Enzyme Inhibitory Activity of Peptides Derived from Caprine Kefir || Capra hircus || Beta-casein,out_of_length_range,mbpdb_core_standardized
,,,296,PSFQPQPLIYP,11,True,True,2.7,2.7,2.7,2.7,=,exact_molar,sequence_level_core,True,True,1,1,,,,mbpdb_ace_000161 || MBPDB_P05814_PSFQPQPLIYP_57-67,10.1080/00021369.1989.10869621,Inhibition of Angiotensin-converting Enzyme by Synthetic Peptides of Human β-Casein || Homo sapiens || Beta-casein,out_of_length_range,mbpdb_core_standardized
,,,297,TPVVVPPFLQP,11,True,True,749.0,749.0,749.0,749.0,=,exact_molar,sequence_level_core,True,True,1,1,,,,mbpdb_ace_000142 || MBPDB_P02666_TPVVVPPFLQP_95-105,10.3168/jds.S0022-0302(98)75878-3,Structural analysis of new antihypertensive peptides derived from cheese whey protein by proteinase K digestion || Bos taurus || Beta-casein,out_of_length_range,mbpdb_core_standardized
,,,298,VENLHLPLPLL,11,True,True,175.0,175.0,175.0,175.0,=,exact_molar,sequence_level_core,True,True,1,1,,,,mbpdb_ace_000138 || MBPDB_P02666_VENLHLPLPLL_145-155,10.1021/jf049510t,Identification of Angiotensin-I-Converting Enzyme Inhibitory Peptides Derived from Sodium Caseinate Hydrolysates Produced by Lactobacillus helveticus NCC 2765 || Bos taurus || Beta-casein,out_of_length_range,mbpdb_core_standardized
,,,299,WQVLPNAVPAK,11,True,True,10.05,10.05,10.05,10.05,=,exact_molar,sequence_level_core,True,True,1,1,,,,mbpdb_ace_000043 || MBPDB_P02669_WQVLPNAVPAK_97-107,"1) 10.1002/mnfr.200900448, 2) 10.1002/elps.200700324","1) Changes in arterial blood pressure after single oral administration of milk-casein-derived peptides in spontaneously hypertensive rats, 2) Identification of novel angiotensin-converting enzyme-inhibitory peptides from ovine milk proteins by CE-MS and chromatographic techniques || Ovis aries || Kappa-casein",out_of_length_range,mbpdb_core_standardized
,,,300,YQEPVLGPVRG,11,True,True,412.0,412.0,412.0,412.0,=,exact_molar,sequence_level_core,True,True,1,1,,,,mbpdb_ace_000119 || MBPDB_P11839_YQEPVLGPVRG_206-216,10.1016/j.idairyj.2012.12.006,Quantitative structureeactivity relationship based screening of bioactive peptides identified in ripened cheese || Ovis aries || Beta-casein,out_of_length_range,mbpdb_core_standardized
,,,301,EPVLGPVRGPFP,12,True,True,790.0,790.0,790.0,790.0,=,exact_molar,sequence_level_core,True,True,1,1,,,,mbpdb_ace_000233 || MBPDB_P02666_EPVLGPVRGPFP_210-221,10.1128/AEM.00096-07,Casein Fermentate of Lactobacillus animalisDPC6134 Contains a Range of Novel Propeptide Angiotensin-Converting Enzyme Inhibitors || Bos taurus || Beta-casein,out_of_length_range,mbpdb_core_standardized
,,,302,FFVAPFPEVFGK,12,True,True,52.0,52.0,52.0,52.0,=,exact_molar,sequence_level_core,True,True,1,1,,,,mbpdb_ace_000322 || MBPDB_P02662_FFVAPFPEVFGK_38-49,"1) 10.1016/j.foodchem.2014.09.098, 2) 10.1080/00021369.1982.10865255, 3) 10.1016/s0014-5793(02)03576-7","1) Antihypertensive effect of the bovine casein-derived peptide Met-Lys-Pro, 2) A Peptide Inhibitor of Angiotensin I Converting Enzyme in the Tryptic Hydrolysate of Casein, 3) Angiotensin-I-converting enzyme inhibitory peptides from tryptic hydrolysate of bovine αS2-casein || Bos taurus || Alpha-S1-casein",out_of_length_range,mbpdb_core_standardized
,,,303,GVPKVKETMVPK,12,True,True,376.1,376.1,376.1,376.1,=,exact_molar,sequence_level_core,True,True,1,1,,,,mbpdb_ace_000226 || MBPDB_P33048_GVPKVKETMVPK_109-120,10.3168/jds.S0022-0302(05)73032-0,Angiotensin-Converting Enzyme Inhibitory Activity of Peptides Derived from Caprine Kefir || Capra hircus || Beta-casein,out_of_length_range,mbpdb_core_standardized
,,,304,HPFAQTQSLVYP,12,True,True,26.0,26.0,26.0,26.0,=,exact_molar,sequence_level_core,True,True,1,1,,,,mbpdb_ace_000222 || MBPDB_P02666_HPFAQTQSLVYP_65-76,10.1271/bbb1961.54.1101,Inhibition of angiotensin-converting enzyme by synthetic peptide fragments of various β-caseins || Bos taurus || Beta-casein,out_of_length_range,mbpdb_core_standardized
,,,305,IGSENSEKTTMP,12,True,True,773.1,773.1,773.1,773.1,=,exact_molar,sequence_level_core,True,True,1,1,,,,mbpdb_ace_000317 || MBPDB_P02662_IGSENSEKTTMP_201-212,10.1128/AEM.00096-07,Casein Fermentate of Lactobacillus animalisDPC6134 Contains a Range of Novel Propeptide Angiotensin-Converting Enzyme Inhibitors || Bos taurus || Alpha-S1-casein,out_of_length_range,mbpdb_core_standardized
,,,306,LKGYGGVSLPEW,12,True,True,83.0,83.0,83.0,83.0,=,exact_molar,sequence_level_core,True,True,1,1,,,,mbpdb_ace_000251 || MBPDB_P00711_LKGYGGVSLPEW_34-45,10.1016/j.idairyj.2007.04.008,Fractionation and identification of ACE-inhibitory peptides from α-Lactalbumin and β-casein produced by thermolysin-catalysed hydrolysis || Bos taurus || Alpha-lactalbumin,out_of_length_range,mbpdb_core_standardized
,,,307,LLYQEPVLGPVR,12,True,True,274.0,274.0,274.0,274.0,=,exact_molar,sequence_level_core,True,True,1,1,,,,mbpdb_ace_000357 || MBPDB_P02666_LLYQEPVLGPVR_206-217,10.1016/j.jchromb.2020.122042,Immobilized metal affinity chromatography matrix modified by poly (ethylene glycol) methyl ether for purification of angiotensin I-converting enzyme inhibitory peptide from casein hydrolysate || Bos taurus || Beta-casein,out_of_length_range,mbpdb_core_standardized
,,,308,PKIDAMREKVLA,12,True,True,103.0,103.0,103.0,103.0,=,exact_molar,sequence_level_core,True,True,1,1,,,,mbpdb_ace_000005 || MBPDB_P14639_PKIDAMREKVLA_203-214,10.1016/j.idairyj.2012.12.006,Quantitative structureeactivity relationship based screening of bioactive peptides identified in ripened cheese || Ovis aries || Serum albumin,out_of_length_range,mbpdb_core_standardized
,,,309,YPSFQPQPLIYP,12,True,True,4.8,4.8,4.8,4.8,=,exact_molar,sequence_level_core,True,True,1,1,,,,mbpdb_ace_000122 || MBPDB_P05814_YPSFQPQPLIYP_56-67,10.1080/00021369.1989.10869621,Inhibition of Angiotensin-converting Enzyme by Synthetic Peptides of Human β-Casein || Homo sapiens || Beta-casein,out_of_length_range,mbpdb_core_standardized
,,,310,GVPKVKETMVPKH,13,True,True,223.2,223.2,223.2,223.2,=,exact_molar,sequence_level_core,True,True,1,1,,,,mbpdb_ace_000225 || MBPDB_P33048_GVPKVKETMVPKH_109-121,10.3168/jds.S0022-0302(05)73032-0,Angiotensin-Converting Enzyme Inhibitory Activity of Peptides Derived from Caprine Kefir || Capra hircus || Beta-casein,out_of_length_range,mbpdb_core_standardized
,,,311,IHPFAQTQSLVYP,13,True,True,19.0,19.0,19.0,19.0,=,exact_molar,sequence_level_core,True,True,1,1,,,,mbpdb_ace_000219 || MBPDB_P02666_IHPFAQTQSLVYP_64-76,10.1271/bbb1961.54.1101,Inhibition of angiotensin-converting enzyme by synthetic peptide fragments of various β-caseins || Bos taurus || Beta-casein,out_of_length_range,mbpdb_core_standardized
,,,312,IYPSFQPQPLIYP,13,True,True,7.6,7.6,7.6,7.6,=,exact_molar,sequence_level_core,True,True,1,1,,,,mbpdb_ace_000215 || MBPDB_P05814_IYPSFQPQPLIYP_55-67,10.1080/00021369.1989.10869621,Inhibition of Angiotensin-converting Enzyme by Synthetic Peptides of Human β-Casein || Homo sapiens || Beta-casein,out_of_length_range,mbpdb_core_standardized
,,,313,KIHPFAQTQSLVYP,14,True,True,39.0,39.0,39.0,39.0,=,exact_molar,sequence_level_core,True,True,1,1,,,,mbpdb_ace_000213 || MBPDB_P02666_KIHPFAQTQSLVYP_63-76,10.1271/bbb1961.54.1101,Inhibition of angiotensin-converting enzyme by synthetic peptide fragments of various β-caseins || Bos taurus || Beta-casein,out_of_length_range,mbpdb_core_standardized
,,,314,KIYPSFQPQPLIYP,14,True,True,8.6,8.6,8.6,8.6,=,exact_molar,sequence_level_core,True,True,1,1,,,,mbpdb_ace_000212 || MBPDB_P05814_KIYPSFQPQPLIYP_54-67,10.1080/00021369.1989.10869621,Inhibition of Angiotensin-converting Enzyme by Synthetic Peptides of Human β-Casein || Homo sapiens || Beta-casein,out_of_length_range,mbpdb_core_standardized
,,,315,DKIYPSFQPQPLIYP,15,True,True,107.0,107.0,107.0,107.0,=,exact_molar,sequence_level_core,True,True,1,1,,,,mbpdb_ace_000237 || MBPDB_P05814_DKIYPSFQPQPLIYP_53-67,10.1080/00021369.1989.10869621,Inhibition of Angiotensin-converting Enzyme by Synthetic Peptides of Human β-Casein || Homo sapiens || Beta-casein,out_of_length_range,mbpdb_core_standardized
,,,316,KYPVEPFTESQSLTL,15,True,True,93.0,93.0,93.0,93.0,=,exact_molar,sequence_level_core,True,True,1,1,,,,mbpdb_ace_000207 || MBPDB_P02666_KYPVEPFTESQSLTL_128-142,10.3168/jds.S0022-0302(94)77026-0,Antihypertensive Effect of the Peptides Derived from Casein by an Extracellular Proteinase from Lactobacillus helveticus CP790 || Bos taurus || Beta-casein,out_of_length_range,mbpdb_core_standardized
,,,317,LVYPFPGPIPNSLPQ,15,True,True,18.0,18.0,18.0,18.0,=,exact_molar,sequence_level_core,True,True,1,1,,,,mbpdb_ace_000187 || MBPDB_P02666_LVYPFPGPIPNSLPQ_73-87,10.1016/S0141-0229(97)00261-5,"Peptides from several Italian cheeses inhibitory to proteolytic enzymes of lactic acid bacteria, Pseudomonas fluorescens ATCC 948 and to the angiotensin I-converting enzyme || Bos taurus || Beta-casein",out_of_length_range,mbpdb_core_standardized
,,,318,ENLLRFFVAPFPEVFG,16,True,True,250.0,250.0,250.0,250.0,=,exact_molar,sequence_level_core,True,True,1,1,,,,mbpdb_ace_000324 || MBPDB_P02662_ENLLRFFVAPFPEVFG_33-48,10.1021/jf049510t,Identification of Angiotensin-I-Converting Enzyme Inhibitory Peptides Derived from Sodium Caseinate Hydrolysates Produced by Lactobacillus helveticus NCC 2765 || Bos taurus || Alpha-S1-casein,out_of_length_range,mbpdb_core_standardized
,,,319,FKCRRWQWRMKKLGAP,16,True,True,11.0,11.0,11.0,11.0,=,exact_molar,sequence_level_core,True,True,1,1,,,,mbpdb_ace_000024 || MBPDB_P24627_FKCRRWQWRMKKLGAP_36-51,10.1021/jf100899u,Antihypertensive Properties of Lactoferricin β-Derived Peptides || Bos taurus || Lactotransferrin,out_of_length_range,mbpdb_core_standardized
,,,320,LVYPFPGPIPNSLPQN,16,True,True,71.0,71.0,71.0,71.0,=,exact_molar,sequence_level_core,True,True,1,1,,,,mbpdb_ace_000186 || MBPDB_P02666_LVYPFPGPIPNSLPQN_73-88,10.1016/j.idairyj.2009.07.003,Angiotensin I converting enzyme (ACE) inhibitory activity and antihypertensive effect of fermented milk || Bos taurus || Beta-casein,out_of_length_range,mbpdb_core_standardized
,,,321,QEPVLGPVRGPFPIIV,16,True,True,600.0,600.0,600.0,600.0,=,exact_molar,sequence_level_core,True,True,1,1,,,,mbpdb_ace_000159 || MBPDB_P02666_QEPVLGPVRGPFPIIV_209-224,10.3168/jds.2015-9569,Angiotensin-I-converting enzyme-inhibitory peptides in commercial Wisconsin Cheddar cheeses of different ages || Bos taurus || Beta-casein,out_of_length_range,mbpdb_core_standardized
,,,322,NENLLRFFVAPFPEVFG,17,True,True,55.0,55.0,55.0,55.0,=,exact_molar,sequence_level_core,True,True,1,1,,,,mbpdb_ace_000309 || MBPDB_P02662_NENLLRFFVAPFPEVFG_32-48,10.1021/jf049510t,Identification of Angiotensin-I-Converting Enzyme Inhibitory Peptides Derived from Sodium Caseinate Hydrolysates Produced by Lactobacillus helveticus NCC 2765 || Bos taurus || Alpha-S1-casein,out_of_length_range,mbpdb_core_standardized
,,,323,NIPPLTQTPVVVPPFLQ,17,True,True,450.0,450.0,450.0,450.0,=,exact_molar,sequence_level_core,True,True,1,1,,,,mbpdb_ace_000179 || MBPDB_P02666_NIPPLTQTPVVVPPFLQ_88-104,10.1128/AEM.00096-07,Casein Fermentate of Lactobacillus animalisDPC6134 Contains a Range of Novel Propeptide Angiotensin-Converting Enzyme Inhibitors || Bos taurus || Beta-casein,out_of_length_range,mbpdb_core_standardized
,,,324,NMAINPSKENLCSTFCK,17,True,True,129.07,129.07,129.07,129.07,=,exact_molar,sequence_level_core,True,True,1,1,,,,mbpdb_ace_000332 || MBPDB_P02663_NMAINPSKENLCSTFCK_40-56,10.1016/j.foodchem.2018.02.107,Identiï¬cation of a novel ACE-inhibitory peptide from casein and evaluationof the inhibitory mechanisms || Bos taurus || Alpha-S2-casein,out_of_length_range,mbpdb_core_standardized
,,,325,YQEPVLGPVRGPFPIIV,17,True,True,101.0,101.0,101.0,101.0,=,exact_molar,sequence_level_core,True,True,1,1,,,,mbpdb_ace_000103 || MBPDB_P02666_YQEPVLGPVRGPFPIIV_208-224,10.3168/jds.S0022-0302(94)77026-0,Antihypertensive Effect of the Peptides Derived from Casein by an Extracellular Proteinase from Lactobacillus helveticus CP790 || Bos taurus || Beta-casein,out_of_length_range,mbpdb_core_standardized
,,,326,LNENLLRFFVAPFPEVFG,18,True,True,280.0,280.0,280.0,280.0,=,exact_molar,sequence_level_core,True,True,1,1,,,,mbpdb_ace_000312 || MBPDB_P02662_LNENLLRFFVAPFPEVFG_31-48,10.1021/jf049510t,Identification of Angiotensin-I-Converting Enzyme Inhibitory Peptides Derived from Sodium Caseinate Hydrolysates Produced by Lactobacillus helveticus NCC 2765 || Bos taurus || Alpha-S1-casein,out_of_length_range,mbpdb_core_standardized
,,,327,PPQSVLSLSQSKVLPVPQ,18,True,True,25.0,25.0,25.0,25.0,=,exact_molar,sequence_level_core,True,True,1,1,,,,mbpdb_ace_000167 || MBPDB_P02666_PPQSVLSLSQSKVLPVPQ_173-190,10.3168/jds.S0022-0302(94)77026-0,Antihypertensive Effect of the Peptides Derived from Casein by an Extracellular Proteinase from Lactobacillus helveticus CP790 || Bos taurus || Beta-casein,out_of_length_range,mbpdb_core_standardized
,,,328,VYPFPGPIPNSLPQNIPP,18,True,True,87.0,87.0,87.0,87.0,=,exact_molar,sequence_level_core,True,True,1,1,,,,mbpdb_ace_000124 || MBPDB_P02666_VYPFPGPIPNSLPQNIPP_74-91,10.1016/j.idairyj.2007.04.008,Fractionation and identification of ACE-inhibitory peptides from α-Lactalbumin and β-casein produced by thermolysin-catalysed hydrolysis || Bos taurus || Beta-casein,out_of_length_range,mbpdb_core_standardized
,,,329,LLYQEPVLGPVRGPFPIIV,19,True,True,21.0,21.0,21.0,21.0,=,exact_molar,sequence_level_core,True,True,1,1,,,,mbpdb_ace_000200 || MBPDB_P02666_LLYQEPVLGPVRGPFPIIV_206-224,10.3168/jds.S0022-0302(94)77026-0,Antihypertensive Effect of the Peptides Derived from Casein by an Extracellular Proteinase from Lactobacillus helveticus CP790 || Bos taurus || Beta-casein,out_of_length_range,mbpdb_core_standardized
,,,330,LVYPFPGPIPNSLPQNIPP,19,True,True,11.6,11.6,11.6,11.6,=,exact_molar,sequence_level_core,True,True,1,1,,,,mbpdb_ace_000185 || MBPDB_P02666_LVYPFPGPIPNSLPQNIPP_73-91,"1) 10.1128/AEM.69.9.5297-5305.2003, 2) 10.1016/j.idairyj.2007.04.008, 3) 10.1016/j.idairyj.2005.12.011","1) Angiotensin I-Converting-Enzyme-Inhibitory and Antibacterial Peptides from Lactobacillus helveticusPR4 Proteinase-Hydrolyzed Caseins of Milk from Six Species, 2) Fractionation and identification of ACE-inhibitory peptides from α-Lactalbumin and β-casein produced by thermolysin-catalysed hydrolysis, 3) Identification of novel antihypertensive peptides in milk fermented with Enterococcus faecalis || Bos taurus || Beta-casein",out_of_length_range,mbpdb_core_standardized
,,,331,DELQDKIHPFAQTQSLVYPFPGPIPNS,27,True,True,4.0,4.0,4.0,4.0,=,exact_molar,sequence_level_core,True,True,1,1,,,,mbpdb_ace_000240 || MBPDB_P02666_DELQDKIHPFAQTQSLVYPFPGPIPNS_58-84,10.3168/jds.S0022-0302(94)77026-0,Antihypertensive Effect of the Peptides Derived from Casein by an Extracellular Proteinase from Lactobacillus helveticus CP790 || Bos taurus || Beta-casein,out_of_length_range,mbpdb_core_standardized
,,,332,LPQNIPPLTQTPVVVPPFLQPEVMGVSK,28,True,True,144.0,144.0,144.0,144.0,=,exact_molar,sequence_level_core,True,True,1,1,,,,mbpdb_ace_000195 || MBPDB_P02666_LPQNIPPLTQTPVVVPPFLQPEVMGVSK_85-112,10.3168/jds.S0022-0302(94)77026-0,Antihypertensive Effect of the Peptides Derived from Casein by an Extracellular Proteinase from Lactobacillus helveticus CP790 || Bos taurus || Beta-casein,out_of_length_range,mbpdb_core_standardized
,,,333,GTQYTDAPSFSDIPNPIGSENSEKTTMPLW,30,True,True,346.0,346.0,346.0,346.0,=,exact_molar,sequence_level_core,True,True,1,1,,,,mbpdb_ace_000318 || MBPDB_P02662_GTQYTDAPSFSDIPNPIGSENSEKTTMPLW_185-214,10.3168/jds.S0022-0302(94)77026-0,Antihypertensive Effect of the Peptides Derived from Casein by an Extracellular Proteinase from Lactobacillus helveticus CP790 || Bos taurus || Alpha-S1-casein,out_of_length_range,mbpdb_core_standardized
